-0.032982,1,Zotu6,k__Bacteria,p__Bacteroidetes,c__Bacteroidia,o__Bacteroidales,f__Prevotellaceae,g__Prevotella,
-0.012382,2,Zotu426,k__Bacteria,p__Firmicutes,c__Negativicutes,o__Selenomonadales,f__Veillonellaceae,g__Veillonella,
-0.0081456,3,Zotu8,k__Bacteria,p__Firmicutes,c__Bacilli,o__Lactobacillales,f__Streptococcaceae,g__Streptococcus,(s__australis/s__parasanguinis_I/s__parasanguinis_II/s__sp._oral_taxon_057/s__sp._oral_taxon_066)
-0.072701,4,Zotu14,k__Bacteria,p__Firmicutes,c__Negativicutes,o__Selenomonadales,f__Veillonellaceae,g__Megasphaera,s__micronuciformis
0.038071,5,Zotu42,k__Bacteria,p__Actinobacteria,c__Actinobacteria,o__Actinomycetales,f__Micrococcaceae,g__Rothia,s__dentocariosa
0.079527,6,Zotu353,k__Bacteria,p__Proteobacteria,c__Betaproteobacteria,o__Neisseriales,f__Neisseriaceae,g__Neisseria,(s__flavescens/s__subflava)
-0.0096351,7,Zotu4,k__Bacteria,p__Firmicutes,c__Bacilli,o__Lactobacillales,f__Streptococcaceae,g__Streptococcus,(s__salivarius/s__vestibularis)
-0.075865,8,Zotu38,k__Bacteria,p__Firmicutes,c__Clostridia,o__Clostridiales,f__Lachnospiraceae_[XIV],g__Lachnoanaerobaculum,
0.102,9,Zotu112,k__Bacteria,p__Proteobacteria,c__Betaproteobacteria,o__Neisseriales,f__Neisseriaceae,g__Kingella,s__oralis
0.16865,10,Zotu102,k__Bacteria,p__Bacteroidetes,c__Bacteroidia,o__Bacteroidales,f__Prevotellaceae,g__Prevotella,s__oris
-0.022308,11,Zotu32,k__Bacteria,p__Actinobacteria,c__Actinobacteria,o__Actinomycetales,f__Micrococcaceae,g__Rothia,s__mucilaginosa
-0.08251,12,Zotu30,k__Bacteria,p__Actinobacteria,c__Coriobacteriia,o__Coriobacteriales,f__Coriobacteriaceae,g__Atopobium,
-0.20996,13,Zotu24,k__Bacteria,p__Bacteroidetes,c__Bacteroidia,o__Bacteroidales,f__Prevotellaceae,g__Prevotella,s__pallens
0.039469,14,Zotu1,k__Bacteria,p__Firmicutes,c__Negativicutes,o__Selenomonadales,f__Veillonellaceae,g__Veillonella,
0.054651,15,Zotu17,k__Bacteria,p__Firmicutes,c__Bacilli,o__Lactobacillales,f__Streptococcaceae,g__Streptococcus,
0.047307,16,Zotu7,k__Bacteria,p__Proteobacteria,c__Betaproteobacteria,o__Neisseriales,f__Neisseriaceae,g__Neisseria,(s__flavescens/s__subflava)
-0.015318,17,Zotu28,k__Bacteria,p__Bacteroidetes,c__Bacteroidia,o__Bacteroidales,f__Prevotellaceae,g__Alloprevotella,s__sp._oral_taxon_308
-0.019366,18,Zotu2,k__Bacteria,p__Bacteroidetes,c__Bacteroidia,o__Bacteroidales,f__Prevotellaceae,g__Prevotella,
-0.00048744,19,Zotu5,k__Bacteria,p__Proteobacteria,c__Gammaproteobacteria,o__Pasteurellales,f__Pasteurellaceae,g__Haemophilus,s__parainfluenzae
-0.067834,20,Zotu35,k__Bacteria,p__Bacteroidetes,c__Bacteroidia,o__Bacteroidales,f__Prevotellaceae,g__Prevotella,
-0.035597,21,Zotu16,k__Bacteria,p__Firmicutes,c__Bacilli,o__Bacillales,f__Gemellaceae,g__Gemella,(s__haemolysans/s__morbillorum/s__sanguinis)
-0.035765,22,Zotu22,k__Bacteria,p__Firmicutes,c__Bacilli,o__Lactobacillales,f__Carnobacteriaceae,g__Granulicatella,s__adiacens
0.014709,23,Zotu3,k__Bacteria,p__Firmicutes,c__Bacilli,o__Lactobacillales,f__Streptococcaceae,g__Streptococcus,(s__dentisani/s__infantis/s__mitis/s__oralis/s__sp._oral_taxon_058/s__sp._oral_taxon_061/s__sp._oral_taxon_064/s__sp._oral_taxon_070/s__sp._oral_taxon_423/s__sp._oral_taxon_431/s__tigurinus)
0.032521,24,Zotu46,k__Bacteria,p__Firmicutes,c__Bacilli,o__Lactobacillales,f__Streptococcaceae,g__Streptococcus,
0.0078682,25,Zotu37,k__Bacteria,p__Bacteroidetes,c__Bacteroidia,o__Bacteroidales,f__Prevotellaceae,g__Prevotella,
-0.066875,26,Zotu20,k__Bacteria,p__Fusobacteria,c__Fusobacteriia,o__Fusobacteriales,f__Fusobacteriaceae,g__Fusobacterium,s__periodonticum
-0.06289,27,Zotu12,k__Bacteria,p__Actinobacteria,c__Actinobacteria,o__Actinomycetales,f__Actinomycetaceae,g__Actinomyces,s__graevenitzii
0.10333,28,Zotu40,k__Bacteria,p__Actinobacteria,c__Actinobacteria,o__Actinomycetales,f__Actinomycetaceae,g__Actinomyces,
-0.00012616,29,Zotu25,k__Bacteria,p__Actinobacteria,c__Actinobacteria,o__Actinomycetales,f__Micrococcaceae,g__Rothia,s__mucilaginosa
0.045813,30,Zotu26,k__Bacteria,p__Bacteroidetes,c__Bacteroidia,o__Bacteroidales,f__Prevotellaceae,g__Prevotella,s__pallens
0.062109,31,Zotu34,k__Bacteria,p__Firmicutes,c__Bacilli,o__Lactobacillales,f__Streptococcaceae,g__Streptococcus,
0.022466,32,Zotu18,k__Bacteria,p__Bacteroidetes,c__Bacteroidia,o__Bacteroidales,f__Prevotellaceae,g__Prevotella,s__salivae
-0.10548,33,Zotu9,k__Bacteria,p__Actinobacteria,c__Actinobacteria,o__Actinomycetales,f__Actinomycetaceae,g__Actinomyces,(s__odontolyticus/s__sp._oral_taxon_180)
0.098357,34,Zotu559,k__Bacteria,p__Firmicutes,c__Negativicutes,o__Selenomonadales,f__Veillonellaceae,g__Veillonella,
-0.0049478,35,Zotu31,k__Bacteria,p__Bacteroidetes,c__Bacteroidia,o__Bacteroidales,f__Porphyromonadaceae,g__Porphyromonas,(s__pasteri/s__sp._oral_taxon_278)
0.062991,37,Zotu265,k__Bacteria,p__Firmicutes,c__Negativicutes,o__Selenomonadales,f__Veillonellaceae,g__Veillonella,
-0.032843,38,Zotu75,k__Bacteria,p__Firmicutes,c__Negativicutes,o__Selenomonadales,f__Veillonellaceae,g__Megasphaera,s__micronuciformis
0.12791,40,Zotu33,k__Bacteria,p__Proteobacteria,c__Betaproteobacteria,o__Neisseriales,f__Neisseriaceae,g__Neisseria,(s__flava/s__mucosa/s__pharyngis/s__sicca)
-0.075422,41,Zotu78,k__Bacteria,p__Firmicutes,c__Clostridia,o__Clostridiales,f__Lachnospiraceae_[XIV],g__Oribacterium,s__asaccharolyticum
-0.045666,42,Zotu91,k__Bacteria,p__Firmicutes,c__Clostridia,o__Clostridiales,f__Ruminococcaceae,g__Ruminococcaceae_[G-2],s__sp._oral_taxon_085
0.022384,44,Zotu249,k__Bacteria,p__Bacteroidetes,c__Bacteroidia,o__Bacteroidales,f__Prevotellaceae,g__Prevotella,s__salivae
-0.034097,45,Zotu48,k__Bacteria,p__Firmicutes,c__Clostridia,o__Clostridiales,f__Lachnospiraceae_[XIV],g__Oribacterium,
0.013822,46,Zotu487,k__Bacteria,p__Firmicutes,c__Bacilli,o__Lactobacillales,f__Carnobacteriaceae,g__Granulicatella,s__adiacens
0.014997,47,Zotu282,k__Bacteria,p__Firmicutes,c__Negativicutes,o__Selenomonadales,f__Veillonellaceae,g__Veillonella,
0.044726,48,Zotu10,k__Bacteria,p__Bacteroidetes,c__Bacteroidia,o__Bacteroidales,f__Prevotellaceae,g__Prevotella,s__veroralis
-0.014516,49,Zotu266,k__Bacteria,p__Firmicutes,c__Bacilli,o__Lactobacillales,f__Streptococcaceae,g__Streptococcus,(s__salivarius/s__vestibularis)
-0.0081164,51,Zotu399,k__Bacteria,p__Bacteroidetes,c__Bacteroidia,o__Bacteroidales,f__Prevotellaceae,g__Prevotella,
-0.10062,52,Zotu27,k__Bacteria,p__Firmicutes,c__Negativicutes,o__Selenomonadales,f__Veillonellaceae,g__Selenomonas,(s__sp._oral_taxon_136/s__sp._oral_taxon_149/s__sp._oral_taxon_478)
0.060405,53,Zotu516,k__Bacteria,p__Firmicutes,c__Negativicutes,o__Selenomonadales,f__Veillonellaceae,g__Veillonella,
0.024668,54,Zotu444,k__Bacteria,p__Actinobacteria,c__Actinobacteria,o__Actinomycetales,f__Actinomycetaceae,g__Actinomyces,(s__odontolyticus/s__sp._oral_taxon_180)
0.055569,55,Zotu570,k__Bacteria,p__Firmicutes,c__Bacilli,o__Lactobacillales,f__Streptococcaceae,g__Streptococcus,(s__dentisani/s__infantis/s__mitis/s__oralis/s__sp._oral_taxon_058/s__sp._oral_taxon_061/s__sp._oral_taxon_064/s__sp._oral_taxon_070/s__sp._oral_taxon_423/s__sp._oral_taxon_431/s__tigurinus)
0.088868,56,Zotu43,k__Bacteria,p__Firmicutes,c__Bacilli,o__Lactobacillales,f__Streptococcaceae,g__Streptococcus,s__sanguinis
0.087132,57,Zotu89,k__Bacteria,p__Fusobacteria,c__Fusobacteriia,o__Fusobacteriales,f__Fusobacteriaceae,g__Fusobacterium,
0.030843,59,Zotu19,k__Bacteria,p__Firmicutes,c__Negativicutes,o__Selenomonadales,f__Veillonellaceae,g__Veillonella,
-0.0098282,60,Zotu80,k__Bacteria,p__Bacteroidetes,c__Bacteroidia,o__Bacteroidales,f__Prevotellaceae,g__Prevotella,
0.075111,61,Zotu41,k__Bacteria,p__Firmicutes,c__Negativicutes,o__Selenomonadales,f__Veillonellaceae,g__Veillonella,s__sp._oral_taxon_917
0.018118,62,Zotu449,k__Bacteria,p__Firmicutes,c__Negativicutes,o__Selenomonadales,f__Veillonellaceae,g__Veillonella,
0.077479,64,Zotu144,k__Bacteria,p__Fusobacteria,c__Fusobacteriia,o__Fusobacteriales,f__Fusobacteriaceae,g__Fusobacterium,s__nucleatum_subsp._animalis
0.043898,65,Zotu13,k__Bacteria,p__Actinobacteria,c__Actinobacteria,o__Actinomycetales,f__Actinomycetaceae,g__Actinomyces,
-0.10446,66,Zotu430,k__Bacteria,p__Bacteroidetes,c__Bacteroidia,o__Bacteroidales,f__Prevotellaceae,g__Prevotella,s__pallens
-0.011212,67,Zotu51,k__Bacteria,p__Actinobacteria,c__Actinobacteria,o__Actinomycetales,f__Actinomycetaceae,g__Actinomyces,s__lingnae_[NVP]
0.02834,68,Zotu533,k__Bacteria,p__Bacteroidetes,c__Bacteroidia,o__Bacteroidales,f__Prevotellaceae,g__Prevotella,
0.051221,69,Zotu79,k__Bacteria,p__Firmicutes,c__Negativicutes,o__Selenomonadales,f__Veillonellaceae,g__Veillonella,
0.015393,70,Zotu404,k__Bacteria,p__Bacteroidetes,c__Bacteroidia,o__Bacteroidales,f__Prevotellaceae,g__Prevotella,s__melaninogenica
-0.09744,71,Zotu44,k__Bacteria,p__Proteobacteria,c__Epsilonproteobacteria,o__Campylobacterales,f__Campylobacteraceae,g__Campylobacter,
0.020122,72,Zotu62,k__Bacteria,p__Actinobacteria,c__Actinobacteria,o__Actinomycetales,f__Actinomycetaceae,g__Actinomyces,s__lingnae_[NVP]
0.0061036,73,Zotu39,k__Bacteria,p__Firmicutes,c__Bacilli,o__Lactobacillales,f__Streptococcaceae,g__Streptococcus,(s__salivarius/s__vestibularis)
0.01686,74,Zotu72,k__Bacteria,p__Actinobacteria,c__Actinobacteria,o__Actinomycetales,f__Micrococcaceae,g__Rothia,s__aeria
0.07471,75,Zotu109,k__Bacteria,p__Actinobacteria,c__Actinobacteria,o__Actinomycetales,f__Actinomycetaceae,g__Actinomyces,s__massiliensis
0.072807,76,Zotu59,k__Bacteria,p__Firmicutes,c__Bacilli,o__Lactobacillales,f__Streptococcaceae,g__Streptococcus,
0.12509,78,Zotu470,k__Bacteria,p__Firmicutes,c__Negativicutes,o__Selenomonadales,f__Veillonellaceae,g__Veillonella,
-0.058528,79,Zotu526,k__Bacteria,p__Actinobacteria,c__Actinobacteria,o__Actinomycetales,f__Actinomycetaceae,g__Actinomyces,s__graevenitzii
0.039845,81,Zotu562,k__Bacteria,p__Firmicutes,c__Negativicutes,o__Selenomonadales,f__Veillonellaceae,g__Veillonella,
0.04511,83,Zotu308,k__Bacteria,p__Firmicutes,c__Bacilli,o__Lactobacillales,,,
0.074069,84,Zotu116,k__Bacteria,p__Fusobacteria,c__Fusobacteriia,o__Fusobacteriales,f__Fusobacteriaceae,g__Fusobacterium,s__nucleatum_subsp._animalis
-0.01618,87,Zotu15,k__Bacteria,p__Actinobacteria,c__Actinobacteria,o__Actinomycetales,f__Micrococcaceae,g__Rothia,s__mucilaginosa
-0.073074,88,Zotu69,k__Bacteria,p__Proteobacteria,c__Gammaproteobacteria,o__Pasteurellales,f__Pasteurellaceae,g__Haemophilus,
-0.015949,89,Zotu501,k__Bacteria,p__Firmicutes,c__Negativicutes,o__Selenomonadales,f__Veillonellaceae,g__Veillonella,
-0.07556,90,Zotu342,k__Bacteria,p__Bacteroidetes,c__Bacteroidia,o__Bacteroidales,f__Prevotellaceae,g__Prevotella,
-0.01701,91,Zotu11,k__Bacteria,p__Firmicutes,c__Negativicutes,o__Selenomonadales,f__Veillonellaceae,g__Veillonella,s__parvula
0.0084035,92,Zotu262,k__Bacteria,p__Bacteroidetes,c__Bacteroidia,o__Bacteroidales,f__Prevotellaceae,g__Prevotella,
0.040715,93,Zotu545,k__Bacteria,p__Actinobacteria,c__Actinobacteria,o__Actinomycetales,f__Actinomycetaceae,g__Actinomyces,(s__odontolyticus/s__sp._oral_taxon_180)
-0.064047,94,Zotu123,k__Bacteria,p__Actinobacteria,c__Actinobacteria,o__Actinomycetales,f__Actinomycetaceae,g__Actinobaculum,s__sp._oral_taxon_183
0.012308,95,Zotu456,k__Bacteria,p__Firmicutes,c__Bacilli,o__Lactobacillales,f__Streptococcaceae,g__Streptococcus,
-0.10652,96,Zotu405,k__Bacteria,p__Bacteroidetes,c__Bacteroidia,o__Bacteroidales,f__Prevotellaceae,g__Prevotella,
-0.12734,97,Zotu377,k__Bacteria,p__Bacteroidetes,c__Bacteroidia,o__Bacteroidales,f__Prevotellaceae,g__Prevotella,s__pallens
-0.0057154,98,Zotu281,k__Bacteria,p__Bacteroidetes,c__Bacteroidia,o__Bacteroidales,f__Prevotellaceae,g__Prevotella,s__salivae
-0.10173,99,Zotu56,k__Bacteria,p__Bacteroidetes,c__Bacteroidia,o__Bacteroidales,f__Prevotellaceae,g__Prevotella,s__nanceiensis
0.045644,100,Zotu158,k__Bacteria,p__Proteobacteria,c__Gammaproteobacteria,o__Pasteurellales,f__Pasteurellaceae,g__Haemophilus,(s__parahaemolyticus/s__paraphrohaemolyticus/s__sputorum)
-0.059897,101,Zotu403,k__Bacteria,p__Firmicutes,c__Bacilli,o__Lactobacillales,f__Streptococcaceae,g__Streptococcus,(s__salivarius/s__vestibularis)
0.038354,102,Zotu295,k__Bacteria,p__Firmicutes,c__Negativicutes,o__Selenomonadales,f__Veillonellaceae,g__Veillonella,
-0.064519,103,Zotu67,k__Bacteria,p__Firmicutes,c__Clostridia,o__Clostridiales,f__Peptostreptococcaceae_[XI],g__Mogibacterium,(s__diversum/s__neglectum/s__pumilum/s__vescum)
0.00096681,104,Zotu464,k__Bacteria,p__Bacteroidetes,c__Bacteroidia,o__Bacteroidales,f__Prevotellaceae,g__Prevotella,s__melaninogenica
0.1711,106,Zotu111,k__Bacteria,p__Bacteroidetes,c__Bacteroidia,o__Bacteroidales,f__Prevotellaceae,g__Prevotella,s__denticola
0.045464,108,Zotu139,k__Bacteria,p__Bacteroidetes,c__Bacteroidia,o__Bacteroidales,f__Prevotellaceae,g__Prevotella,s__oris
0.19589,109,Zotu142,k__Bacteria,p__Fusobacteria,c__Fusobacteriia,o__Fusobacteriales,f__Leptotrichiaceae,g__Leptotrichia,s__hongkongensis
0.041651,110,Zotu83,k__Bacteria,p__Bacteroidetes,c__Flavobacteriia,o__Flavobacteriales,f__Flavobacteriaceae,g__Capnocytophaga,s__leadbetteri
-0.12158,111,Zotu103,k__Bacteria,p__Firmicutes,c__Clostridia,o__Clostridiales,f__Lachnospiraceae_[XIV],g__Catonella,s__morbi
-0.10843,113,Zotu359,k__Bacteria,p__Bacteroidetes,c__Bacteroidia,o__Bacteroidales,f__Prevotellaceae,g__Prevotella,s__melaninogenica
0.062626,114,Zotu132,k__Bacteria,p__Firmicutes,c__Clostridia,o__Clostridiales,f__Lachnospiraceae_[XIV],g__Stomatobaculum,
0.016327,115,Zotu68,k__Bacteria,p__Firmicutes,c__Clostridia,o__Clostridiales,f__Lachnospiraceae_[XIV],g__Lachnoanaerobaculum,
-0.066128,116,Zotu226,k__Bacteria,p__Proteobacteria,c__Betaproteobacteria,o__Neisseriales,f__Neisseriaceae,g__Kingella,s__sp._oral_taxon_012
-0.03296,117,Zotu540,k__Bacteria,p__Fusobacteria,c__Fusobacteriia,o__Fusobacteriales,f__Fusobacteriaceae,g__Fusobacterium,s__periodonticum
-0.035473,118,Zotu485,k__Bacteria,p__Bacteroidetes,c__Bacteroidia,o__Bacteroidales,f__Prevotellaceae,g__Prevotella,
0.026256,119,Zotu66,k__Bacteria,p__Proteobacteria,c__Gammaproteobacteria,o__Pasteurellales,f__Pasteurellaceae,g__Aggregatibacter,(s__segnis/s__sp._oral_taxon_458/s__sp._oral_taxon_512)
-0.042192,121,Zotu47,k__Bacteria,p__Firmicutes,c__Erysipelotrichia,o__Erysipelotrichales,f__Erysipelotrichaceae,g__Solobacterium,s__moorei
0.014475,122,Zotu70,k__Bacteria,p__Firmicutes,c__Clostridia,o__Clostridiales,f__Lachnospiraceae_[XIV],g__Stomatobaculum,
-0.047646,123,Zotu210,k__Bacteria,p__Firmicutes,c__Clostridia,o__Clostridiales,f__Peptostreptococcaceae_[XI],g__Mogibacterium,(s__diversum/s__neglectum/s__pumilum/s__vescum)
0.026446,124,Zotu316,k__Bacteria,p__Bacteroidetes,c__Bacteroidia,o__Bacteroidales,f__Prevotellaceae,g__Prevotella,
-0.012206,125,Zotu448,k__Bacteria,p__Bacteroidetes,c__Bacteroidia,o__Bacteroidales,f__Prevotellaceae,g__Prevotella,s__melaninogenica
-0.0068793,126,Zotu574,k__Bacteria,p__Firmicutes,c__Bacilli,o__Lactobacillales,f__Carnobacteriaceae,g__Granulicatella,s__adiacens
0.15211,128,Zotu82,k__Bacteria,p__Bacteroidetes,c__Bacteroidia,o__Bacteroidales,f__Prevotellaceae,g__Prevotella,s__nigrescens
-0.021005,129,Zotu517,k__Bacteria,p__Actinobacteria,c__Actinobacteria,o__Actinomycetales,f__Actinomycetaceae,g__Actinomyces,s__graevenitzii
0.016463,130,Zotu104,k__Bacteria,p__Firmicutes,c__Bacilli,o__Lactobacillales,f__Streptococcaceae,g__Streptococcus,s__mutans
-0.059763,131,Zotu492,k__Bacteria,p__Firmicutes,c__Negativicutes,o__Selenomonadales,f__Veillonellaceae,g__Veillonella,
-0.033197,135,Zotu535,k__Bacteria,p__Firmicutes,c__Negativicutes,o__Selenomonadales,f__Veillonellaceae,g__Veillonella,
0.077041,136,Zotu357,k__Bacteria,p__Proteobacteria,c__Gammaproteobacteria,o__Pasteurellales,f__Pasteurellaceae,g__Haemophilus,s__parainfluenzae
-0.026668,137,Zotu233,k__Bacteria,p__Firmicutes,c__Negativicutes,o__Selenomonadales,f__Veillonellaceae,,
0.0077899,139,Zotu525,k__Bacteria,p__Firmicutes,c__Negativicutes,o__Selenomonadales,f__Veillonellaceae,g__Veillonella,
0.044599,141,Zotu92,k__Bacteria,p__Actinobacteria,c__Actinobacteria,o__Corynebacteriales,f__Corynebacteriaceae,g__Corynebacterium,s__durum
0.024985,142,Zotu463,k__Bacteria,p__Bacteroidetes,c__Bacteroidia,o__Bacteroidales,f__Prevotellaceae,g__Prevotella,
-0.026902,143,Zotu548,k__Bacteria,p__Bacteroidetes,c__Bacteroidia,o__Bacteroidales,f__Prevotellaceae,g__Prevotella,
0.055983,144,Zotu74,k__Bacteria,p__Bacteroidetes,c__Bacteroidia,o__Bacteroidales,f__Prevotellaceae,g__Prevotella,
0.020957,145,Zotu427,k__Bacteria,p__Firmicutes,c__Bacilli,o__Lactobacillales,f__Streptococcaceae,g__Streptococcus,(s__salivarius/s__vestibularis)
0.13278,146,Zotu145,k__Bacteria,p__Firmicutes,c__Bacilli,o__Lactobacillales,f__Streptococcaceae,g__Streptococcus,s__anginosus
0.082717,147,Zotu135,k__Bacteria,p__Fusobacteria,c__Fusobacteriia,o__Fusobacteriales,f__Leptotrichiaceae,g__Leptotrichia,s__wadei
-0.085987,149,Zotu45,k__Bacteria,p__Firmicutes,c__Clostridia,o__Clostridiales,f__Peptostreptococcaceae_[XI],g__Peptostreptococcus,s__stomatis
-0.088768,151,Zotu421,k__Bacteria,p__Bacteroidetes,c__Bacteroidia,o__Bacteroidales,f__Prevotellaceae,g__Prevotella,
-0.1389,152,Zotu275,k__Bacteria,p__Bacteroidetes,c__Bacteroidia,o__Bacteroidales,f__Prevotellaceae,g__Prevotella,
0.052754,155,Zotu311,k__Bacteria,p__Bacteroidetes,c__Bacteroidia,o__Bacteroidales,f__Prevotellaceae,g__Prevotella,
-0.0074151,156,Zotu528,k__Bacteria,p__Firmicutes,c__Bacilli,o__Lactobacillales,f__Streptococcaceae,g__Streptococcus,(s__salivarius/s__vestibularis)
0.10478,158,Zotu65,k__Bacteria,p__Actinobacteria,c__Actinobacteria,o__Corynebacteriales,f__Corynebacteriaceae,g__Corynebacterium,s__matruchotii
-0.016797,159,Zotu365,k__Bacteria,p__Bacteroidetes,c__Bacteroidia,o__Bacteroidales,f__Prevotellaceae,g__Prevotella,
-0.058342,160,Zotu490,k__Bacteria,p__Bacteroidetes,c__Bacteroidia,o__Bacteroidales,f__Prevotellaceae,g__Prevotella,
0.098668,165,Zotu114,k__Bacteria,p__Bacteroidetes,c__Flavobacteriia,o__Flavobacteriales,f__Flavobacteriaceae,g__Capnocytophaga,s__sputigena
0.067696,166,Zotu93,k__Bacteria,p__Proteobacteria,c__Betaproteobacteria,o__Burkholderiales,f__Burkholderiaceae,g__Lautropia,s__mirabilis
0.023897,170,Zotu452,k__Bacteria,p__Firmicutes,c__Bacilli,,,,
0.031715,171,Zotu206,k__Bacteria,p__Actinobacteria,c__Coriobacteriia,o__Coriobacteriales,f__Coriobacteriaceae,g__Atopobium,
0.043339,172,Zotu417,k__Bacteria,p__Firmicutes,c__Negativicutes,o__Selenomonadales,f__Veillonellaceae,g__Veillonella,
0.10197,173,Zotu251,k__Bacteria,p__Bacteroidetes,c__Bacteroidia,o__Bacteroidales,f__Prevotellaceae,g__Prevotella,
-0.11586,177,Zotu358,k__Bacteria,p__Bacteroidetes,c__Bacteroidia,o__Bacteroidales,f__Prevotellaceae,g__Prevotella,
0.03485,178,Zotu170,k__Bacteria,p__Proteobacteria,c__Gammaproteobacteria,o__Cardiobacteriales,f__Cardiobacteriaceae,g__Cardiobacterium,s__hominis
0.11409,179,Zotu119,k__Bacteria,p__Firmicutes,c__Negativicutes,o__Selenomonadales,f__Veillonellaceae,g__Dialister,s__invisus
0.030419,180,Zotu221,k__Bacteria,p__Bacteroidetes,c__Bacteroidia,o__Bacteroidales,f__Prevotellaceae,g__Prevotella,s__salivae
0.022653,181,Zotu572,k__Bacteria,p__Bacteroidetes,c__Bacteroidia,o__Bacteroidales,f__Prevotellaceae,g__Prevotella,
0.12819,182,Zotu184,k__Bacteria,p__Actinobacteria,c__Actinobacteria,o__Actinomycetales,f__Actinomycetaceae,g__Actinomyces,(s__georgiae/s__sp._oral_taxon_178/s__sp._oral_taxon_877)
-0.063432,184,Zotu76,k__Bacteria,p__Fusobacteria,c__Fusobacteriia,o__Fusobacteriales,f__Leptotrichiaceae,g__Leptotrichia,s__sp._oral_taxon_221
0.18489,186,Zotu172,k__Bacteria,p__Actinobacteria,c__Actinobacteria,o__Actinomycetales,f__Actinomycetaceae,g__Actinomyces,s__sp._oral_taxon_448
-0.0056115,190,Zotu397,k__Bacteria,p__Bacteroidetes,c__Bacteroidia,o__Bacteroidales,f__Prevotellaceae,g__Prevotella,s__salivae
-0.023514,191,Zotu121,k__Bacteria,p__Firmicutes,c__Bacilli,o__Lactobacillales,f__Streptococcaceae,g__Streptococcus,s__intermedius
0.071667,192,Zotu509,k__Bacteria,p__Proteobacteria,c__Betaproteobacteria,o__Neisseriales,f__Neisseriaceae,g__Neisseria,(s__flavescens/s__subflava)
-0.055249,196,Zotu94,k__Bacteria,p__Actinobacteria,c__Actinobacteria,o__Actinomycetales,f__Micrococcaceae,g__Rothia,s__mucilaginosa
-0.045126,197,Zotu556,k__Bacteria,p__Bacteroidetes,c__Bacteroidia,o__Bacteroidales,f__Prevotellaceae,g__Prevotella,s__salivae
0.1112,198,Zotu137,k__Bacteria,p__Bacteroidetes,c__Bacteroidia,o__Bacteroidales,f__Prevotellaceae,g__Prevotella,s__oulorum
0.014579,199,Zotu106,k__Bacteria,p__Bacteroidetes,c__Flavobacteriia,o__Flavobacteriales,f__Flavobacteriaceae,g__Capnocytophaga,s__gingivalis
-0.049424,200,Zotu118,k__Bacteria,p__Fusobacteria,c__Fusobacteriia,o__Fusobacteriales,f__Fusobacteriaceae,g__Fusobacterium,
-0.013959,201,Zotu171,k__Bacteria,p__Bacteroidetes,c__Flavobacteriia,o__Flavobacteriales,f__Flavobacteriaceae,g__Capnocytophaga,
0.088175,203,Zotu146,k__Bacteria,p__Firmicutes,c__Negativicutes,o__Selenomonadales,f__Veillonellaceae,g__Selenomonas,
-0.01494,210,Zotu151,k__Bacteria,p__Fusobacteria,c__Fusobacteriia,o__Fusobacteriales,f__Fusobacteriaceae,g__Fusobacterium,
0.06059,212,Zotu539,k__Bacteria,p__Actinobacteria,c__Actinobacteria,o__Actinomycetales,f__Actinomycetaceae,g__Actinomyces,
0.026507,213,Zotu205,k__Bacteria,p__Bacteroidetes,c__Bacteroidia,o__Bacteroidales,f__Prevotellaceae,g__Prevotella,
-0.028509,217,Zotu199,k__Bacteria,p__Bacteroidetes,c__Bacteroidia,o__Bacteroidales,f__Porphyromonadaceae,g__Tannerella,(s__sp._oral_taxon_286/s__sp._oral_taxon_808)
0.035614,219,Zotu86,k__Bacteria,p__Bacteroidetes,c__Flavobacteriia,o__Flavobacteriales,f__Flavobacteriaceae,g__Bergeyella,s__sp._oral_taxon_322
0.077189,222,Zotu192,k__Bacteria,p__Actinobacteria,c__Actinobacteria,o__Actinomycetales,f__Actinomycetaceae,g__Actinomyces,
-0.009339,223,Zotu122,k__Bacteria,p__Firmicutes,c__Negativicutes,o__Selenomonadales,f__Veillonellaceae,g__Selenomonas,s__sp._oral_taxon_134
-0.0039374,224,Zotu71,k__Bacteria,p__Proteobacteria,c__Betaproteobacteria,o__Neisseriales,f__Neisseriaceae,,
-0.016563,226,Zotu97,k__Bacteria,p__Proteobacteria,c__Gammaproteobacteria,o__Pasteurellales,f__Pasteurellaceae,g__Aggregatibacter,(s__aphrophilus/s__paraphrophilus)
-0.11251,228,Zotu54,k__Bacteria,p__Bacteroidetes,c__Bacteroidia,o__Bacteroidales,f__Prevotellaceae,g__Alloprevotella,s__rava
0.040375,229,Zotu96,k__Bacteria,p__Firmicutes,c__Negativicutes,o__Selenomonadales,f__Veillonellaceae,g__Selenomonas,
0.094701,232,Zotu173,k__Bacteria,p__Proteobacteria,c__Epsilonproteobacteria,o__Campylobacterales,f__Campylobacteraceae,g__Campylobacter,(s__rectus/s__showae)
0.092217,233,Zotu81,k__Bacteria,p__Actinobacteria,c__Actinobacteria,o__Actinomycetales,f__Actinomycetaceae,g__Actinomyces,
0.013089,235,Zotu162,k__Bacteria,p__Fusobacteria,c__Fusobacteriia,o__Fusobacteriales,f__Fusobacteriaceae,g__Fusobacterium,
0.075272,242,Zotu155,k__Bacteria,p__Bacteroidetes,c__Bacteroidia,o__Bacteroidales,f__Prevotellaceae,g__Prevotella,s__sp._oral_taxon_317
-0.050652,243,Zotu61,k__Bacteria,p__Firmicutes,c__Bacilli,o__Lactobacillales,f__Carnobacteriaceae,g__Granulicatella,s__elegans
-0.11577,244,Zotu52,k__Bacteria,p__Firmicutes,c__Clostridia,o__Clostridiales,f__Peptostreptococcaceae_[XI],g__Peptostreptococcaceae_[XI][G-1],
-0.041685,256,Zotu29,k__Bacteria,p__Actinobacteria,c__Actinobacteria,o__Actinomycetales,f__Micrococcaceae,g__Rothia,s__mucilaginosa
-0.02341,260,Zotu95,k__Bacteria,p__Firmicutes,c__Clostridia,o__Clostridiales,f__Ruminococcaceae,g__Ruminococcaceae_[G-1],s__sp._oral_taxon_075
-0.077476,265,Zotu107,k__Bacteria,p__Firmicutes,c__Clostridia,o__Clostridiales,f__Peptococcaceae,g__Peptococcus,(s__sp._oral_taxon_167/s__sp._oral_taxon_168)
-0.045172,273,Zotu73,k__Bacteria,p__Fusobacteria,c__Fusobacteriia,o__Fusobacteriales,f__Leptotrichiaceae,g__Leptotrichia,s__sp._oral_taxon_215
-0.028363,274,Zotu21,k__Bacteria,p__Bacteroidetes,c__Bacteroidia,o__Bacteroidales,f__Prevotellaceae,g__Prevotella,s__veroralis
0.05426,276,Zotu187,k__Bacteria,p__Firmicutes,c__Negativicutes,o__Selenomonadales,f__Veillonellaceae,g__Selenomonas,
-0.0018013,279,Zotu420,k__Bacteria,p__Firmicutes,c__Bacilli,o__Lactobacillales,f__Streptococcaceae,g__Streptococcus,(s__salivarius/s__vestibularis)
-0.032579,280,Zotu530,k__Bacteria,p__Firmicutes,c__Bacilli,o__Lactobacillales,f__Streptococcaceae,g__Streptococcus,
0.0097303,282,Zotu215,k__Bacteria,p__Firmicutes,c__Clostridia,o__Clostridiales,f__Lachnospiraceae_[XIV],g__Stomatobaculum,
0.026873,284,Zotu179,k__Bacteria,p__Proteobacteria,c__Gammaproteobacteria,o__Pasteurellales,f__Pasteurellaceae,,
-0.018992,291,Zotu272,k__Bacteria,p__Firmicutes,c__Negativicutes,o__Selenomonadales,f__Veillonellaceae,g__Veillonella,
0.031989,297,Zotu220,k__Bacteria,p__Proteobacteria,c__Epsilonproteobacteria,o__Campylobacterales,f__Campylobacteraceae,g__Campylobacter,s__gracilis
-0.016671,302,Zotu263,k__Bacteria,p__Firmicutes,c__Negativicutes,o__Selenomonadales,f__Veillonellaceae,g__Selenomonas,s__sp._oral_taxon_134
0.0070681,303,Zotu510,k__Bacteria,p__Bacteroidetes,c__Bacteroidia,o__Bacteroidales,f__Prevotellaceae,g__Prevotella,
-0.02362,311,Zotu201,k__Bacteria,p__Firmicutes,c__Bacilli,o__Lactobacillales,f__Carnobacteriaceae,g__Granulicatella,s__elegans
0.089595,317,Zotu217,k__Bacteria,p__Firmicutes,c__Negativicutes,o__Selenomonadales,f__Veillonellaceae,g__Selenomonas,
0.090464,318,Zotu167,k__Bacteria,p__Bacteroidetes,c__Bacteroidia,o__Bacteroidales,f__Porphyromonadaceae,g__Porphyromonas,(s__catoniae/s__sp._oral_taxon_275/s__sp._oral_taxon_277/s__sp._oral_taxon_284)
0.018771,322,Zotu355,k__Bacteria,p__Bacteroidetes,c__Bacteroidia,o__Bacteroidales,f__Prevotellaceae,g__Prevotella,
0.032233,330,Zotu384,k__Bacteria,p__Bacteroidetes,c__Bacteroidia,o__Bacteroidales,f__Prevotellaceae,g__Prevotella,s__sp._oral_taxon_309
-0.039712,333,Zotu567,k__Bacteria,p__Bacteroidetes,c__Bacteroidia,o__Bacteroidales,f__Prevotellaceae,g__Prevotella,s__pallens
0.09156,335,Zotu36,k__Bacteria,p__Bacteroidetes,c__Bacteroidia,o__Bacteroidales,f__Prevotellaceae,g__Prevotella,s__nanceiensis
-0.00095835,336,Zotu60,k__Bacteria,p__Bacteroidetes,c__Bacteroidia,o__Bacteroidales,f__Prevotellaceae,g__Alloprevotella,s__sp._oral_taxon_473
0.0024771,339,Zotu77,k__Bacteria,p__Firmicutes,c__Negativicutes,o__Selenomonadales,f__Veillonellaceae,g__Veillonella,s__sp._oral_taxon_780
-0.078617,342,Zotu166,k__Bacteria,p__Firmicutes,c__Clostridia,o__Clostridiales,f__Peptostreptococcaceae_[XI],g__Peptostreptococcaceae_[XI][G-1],
-0.025812,345,Zotu23,k__Bacteria,p__Fusobacteria,c__Fusobacteriia,o__Fusobacteriales,f__Leptotrichiaceae,g__Leptotrichia,
-0.058422,349,Zotu149,k__Bacteria,p__Bacteroidetes,c__Bacteroidia,o__Bacteroidales,f__Prevotellaceae,g__Prevotella,s__sp._oral_taxon_305
0.019978,350,Zotu181,k__Bacteria,p__Fusobacteria,c__Fusobacteriia,o__Fusobacteriales,f__Leptotrichiaceae,g__Leptotrichia,
0.013559,352,Zotu64,k__Bacteria,p__Firmicutes,c__Bacilli,o__Lactobacillales,f__Aerococcaceae,g__Abiotrophia,s__defectiva
-0.12194,354,Zotu58,k__Bacteria,p__Firmicutes,c__Clostridia,o__Clostridiales,f__Lachnospiraceae_[XIV],g__Lachnospiraceae_[G-2],s__sp._oral_taxon_096
0.0045767,355,Zotu553,k__Bacteria,p__Firmicutes,c__Negativicutes,o__Selenomonadales,f__Veillonellaceae,g__Veillonella,
0.070917,356,Zotu302,k__Bacteria,p__Bacteroidetes,c__Bacteroidia,o__Bacteroidales,f__Prevotellaceae,g__Prevotella,s__salivae
0.053492,357,Zotu165,k__Bacteria,p__Bacteroidetes,c__Bacteroidia,o__Bacteroidales,f__Prevotellaceae,g__Prevotella,
0.059938,358,Zotu53,k__Bacteria,p__Proteobacteria,c__Gammaproteobacteria,o__Pasteurellales,f__Pasteurellaceae,,
-0.0086513,359,Zotu143,k__Bacteria,p__Firmicutes,c__Clostridia,o__Clostridiales,f__Lachnospiraceae_[XIV],g__Oribacterium,s__asaccharolyticum
-0.13489,361,Zotu537,k__Bacteria,p__Bacteroidetes,c__Bacteroidia,o__Bacteroidales,f__Prevotellaceae,g__Prevotella,
-0.066991,366,Zotu126,k__Bacteria,p__Firmicutes,c__Negativicutes,o__Selenomonadales,f__Veillonellaceae,g__Selenomonas,
0.039954,370,Zotu50,k__Bacteria,p__Fusobacteria,c__Fusobacteriia,o__Fusobacteriales,f__Leptotrichiaceae,g__Leptotrichia,s__sp._oral_taxon_215
0.0056417,374,Zotu176,k__Bacteria,p__Fusobacteria,c__Fusobacteriia,o__Fusobacteriales,f__Leptotrichiaceae,g__Leptotrichia,
0.032636,378,Zotu213,k__Bacteria,p__Fusobacteria,c__Fusobacteriia,o__Fusobacteriales,f__Leptotrichiaceae,g__Leptotrichia,
-0.014247,379,Zotu163,k__Bacteria,p__Fusobacteria,c__Fusobacteriia,o__Fusobacteriales,f__Leptotrichiaceae,g__Leptotrichia,s__sp._oral_taxon_215
-0.012396,383,Zotu315,k__Bacteria,p__Bacteroidetes,c__Bacteroidia,o__Bacteroidales,f__Prevotellaceae,g__Prevotella,s__sp._oral_taxon_305
-0.034237,389,Zotu396,k__Bacteria,p__Bacteroidetes,c__Bacteroidia,o__Bacteroidales,f__Prevotellaceae,g__Prevotella,s__sp._oral_taxon_305
0.018878,390,Zotu469,k__Bacteria,p__Bacteroidetes,c__Bacteroidia,o__Bacteroidales,f__Prevotellaceae,g__Prevotella,
0.023623,394,Zotu413,k__Bacteria,p__Bacteroidetes,c__Bacteroidia,o__Bacteroidales,f__Prevotellaceae,g__Prevotella,
-0.053171,395,Zotu431,k__Bacteria,p__Bacteroidetes,c__Bacteroidia,o__Bacteroidales,f__Prevotellaceae,g__Prevotella,s__sp._oral_taxon_313
-0.015082,398,Zotu475,k__Bacteria,p__Bacteroidetes,c__Bacteroidia,o__Bacteroidales,f__Prevotellaceae,g__Prevotella,
0.018155,405,Zotu125,k__Bacteria,p__Firmicutes,c__Clostridia,o__Clostridiales,f__Lachnospiraceae_[XIV],g__Oribacterium,s__asaccharolyticum
-0.016164,414,Zotu129,k__Bacteria,p__Firmicutes,c__Clostridia,o__Clostridiales,f__Lachnospiraceae_[XIV],g__Oribacterium,s__asaccharolyticum
-0.02786,416,Zotu108,k__Bacteria,p__Bacteroidetes,c__Bacteroidia,o__Bacteroidales,f__Prevotellaceae,g__Prevotella,s__sp._oral_taxon_305
-0.018244,417,Zotu87,k__Bacteria,p__Bacteroidetes,c__Bacteroidia,o__Bacteroidales,f__Prevotellaceae,g__Prevotella,
-0.099795,418,Zotu98,k__Bacteria,p__Firmicutes,c__Clostridia,o__Clostridiales,f__Lachnospiraceae_[XIV],g__Butyrivibrio,s__sp._oral_taxon_455
0.020262,420,Zotu224,k__Bacteria,p__Bacteroidetes,c__Bacteroidia,o__Bacteroidales,f__Prevotellaceae,g__Prevotella,
-0.11834,421,Zotu55,k__Bacteria,p__Firmicutes,c__Clostridia,o__Clostridiales,f__Lachnospiraceae_[XIV],g__Stomatobaculum,s__sp._oral_taxon_097
-0.03991,423,Zotu268,k__Bacteria,p__Bacteroidetes,c__Bacteroidia,o__Bacteroidales,f__Prevotellaceae,g__Prevotella,
-0.0159,426,Zotu557,k__Bacteria,p__Bacteroidetes,c__Bacteroidia,o__Bacteroidales,f__Prevotellaceae,g__Prevotella,
-0.067823,428,Zotu49,k__Bacteria,p__Bacteroidetes,c__Bacteroidia,o__Bacteroidales,f__Prevotellaceae,g__Alloprevotella,
-0.00060406,429,Zotu57,k__Bacteria,p__Fusobacteria,c__Fusobacteriia,o__Fusobacteriales,f__Leptotrichiaceae,g__Leptotrichia,s__sp._oral_taxon_221
-0.098323,433,Zotu63,k__Bacteria,p__Firmicutes,c__Clostridia,o__Clostridiales,f__Lachnospiraceae_[XIV],g__Oribacterium,s__parvum
-0.090129,436,Zotu85,k__Bacteria,p__Bacteroidetes,c__Bacteroidia,o__Bacteroidales,f__Prevotellaceae,g__Prevotella,s__shahii
-0.069146,449,Zotu392,k__Bacteria,p__Bacteroidetes,c__Bacteroidia,o__Bacteroidales,f__Prevotellaceae,g__Prevotella,s__veroralis
