-0.10754,1,Zotu4,k__Bacteria,p__Proteobacteria,c__Betaproteobacteria,o__Neisseriales,f__Neisseriaceae,g__Neisseria,(s__flavescens/s__subflava)
-0.060728,2,Zotu18,k__Bacteria,p__Firmicutes,c__Bacilli,o__Lactobacillales,f__Carnobacteriaceae,g__Granulicatella,s__adiacens
-0.11307,3,Zotu20,k__Bacteria,p__Firmicutes,c__Bacilli,o__Bacillales,f__Gemellaceae,g__Gemella,(s__haemolysans/s__morbillorum/s__sanguinis)
0.06021,4,Zotu28,k__Bacteria,p__Bacteroidetes,c__Bacteroidia,o__Bacteroidales,f__Prevotellaceae,g__Prevotella,
0.068636,5,Zotu29,k__Bacteria,p__Bacteroidetes,c__Bacteroidia,o__Bacteroidales,f__Prevotellaceae,g__Prevotella,
-0.022074,6,Zotu17,k__Bacteria,p__Actinobacteria,c__Actinobacteria,o__Actinomycetales,f__Micrococcaceae,g__Rothia,s__mucilaginosa
-0.038501,7,Zotu19,k__Bacteria,p__Firmicutes,c__Bacilli,o__Lactobacillales,f__Streptococcaceae,g__Streptococcus,
-2.2189e-06,8,Zotu9,k__Bacteria,p__Firmicutes,c__Bacilli,o__Lactobacillales,f__Streptococcaceae,g__Streptococcus,(s__australis/s__parasanguinis_I/s__parasanguinis_II/s__sp._oral_taxon_057/s__sp._oral_taxon_066)
-0.021699,9,Zotu2,k__Bacteria,p__Bacteroidetes,c__Bacteroidia,o__Bacteroidales,f__Prevotellaceae,g__Prevotella,
-0.11826,10,Zotu3,k__Bacteria,p__Proteobacteria,c__Gammaproteobacteria,o__Pasteurellales,f__Pasteurellaceae,g__Haemophilus,s__parainfluenzae
-0.019897,11,Zotu16,k__Bacteria,p__Actinobacteria,c__Actinobacteria,o__Actinomycetales,f__Micrococcaceae,g__Rothia,s__mucilaginosa
-0.053755,12,Zotu437,k__Bacteria,p__Firmicutes,c__Negativicutes,o__Selenomonadales,f__Veillonellaceae,g__Veillonella,
0.0028383,13,Zotu1,k__Bacteria,p__Firmicutes,c__Negativicutes,o__Selenomonadales,f__Veillonellaceae,g__Veillonella,
0.031415,14,Zotu5,k__Bacteria,p__Firmicutes,c__Bacilli,o__Lactobacillales,f__Streptococcaceae,g__Streptococcus,(s__salivarius/s__vestibularis)
-0.093191,15,Zotu455,k__Bacteria,p__Proteobacteria,c__Betaproteobacteria,o__Neisseriales,f__Neisseriaceae,g__Neisseria,(s__flavescens/s__subflava)
0.079457,16,Zotu13,k__Bacteria,p__Actinobacteria,c__Actinobacteria,o__Actinomycetales,f__Actinomycetaceae,g__Actinomyces,(s__odontolyticus/s__sp._oral_taxon_180)
0.015019,17,Zotu26,k__Bacteria,p__Bacteroidetes,c__Bacteroidia,o__Bacteroidales,f__Prevotellaceae,g__Prevotella,
-0.023641,18,Zotu417,k__Bacteria,p__Firmicutes,c__Bacilli,o__Lactobacillales,f__Streptococcaceae,g__Streptococcus,(s__salivarius/s__vestibularis)
-0.080769,19,Zotu10,k__Bacteria,p__Actinobacteria,c__Actinobacteria,o__Actinomycetales,f__Micrococcaceae,g__Rothia,s__mucilaginosa
0.031046,20,Zotu40,k__Bacteria,p__Actinobacteria,c__Actinobacteria,o__Actinomycetales,f__Actinomycetaceae,g__Actinomyces,s__lingnae_[NVP]
0.068771,21,Zotu371,k__Bacteria,p__Bacteroidetes,c__Bacteroidia,o__Bacteroidales,f__Prevotellaceae,g__Prevotella,
0.0091524,22,Zotu472,k__Bacteria,p__Actinobacteria,c__Actinobacteria,o__Actinomycetales,f__Actinomycetaceae,g__Actinomyces,s__lingnae_[NVP]
-0.05238,24,Zotu6,k__Bacteria,p__Firmicutes,c__Bacilli,o__Lactobacillales,f__Streptococcaceae,g__Streptococcus,(s__dentisani/s__infantis/s__mitis/s__oralis/s__sp._oral_taxon_058/s__sp._oral_taxon_061/s__sp._oral_taxon_064/s__sp._oral_taxon_070/s__sp._oral_taxon_423/s__sp._oral_taxon_431/s__tigurinus)
-0.10466,25,Zotu261,k__Bacteria,p__Proteobacteria,c__Gammaproteobacteria,o__Pasteurellales,f__Pasteurellaceae,g__Haemophilus,s__parainfluenzae
-0.029732,26,Zotu33,k__Bacteria,p__Bacteroidetes,c__Bacteroidia,o__Bacteroidales,f__Prevotellaceae,g__Prevotella,s__pallens
-0.12685,27,Zotu445,k__Bacteria,p__Proteobacteria,c__Betaproteobacteria,o__Neisseriales,f__Neisseriaceae,g__Neisseria,(s__flavescens/s__subflava)
-0.043053,28,Zotu46,k__Bacteria,p__Firmicutes,c__Bacilli,o__Lactobacillales,f__Streptococcaceae,g__Streptococcus,
0.09018,29,Zotu8,k__Bacteria,p__Bacteroidetes,c__Bacteroidia,o__Bacteroidales,f__Prevotellaceae,g__Prevotella,
-0.077963,30,Zotu340,k__Bacteria,p__Proteobacteria,c__Betaproteobacteria,o__Neisseriales,f__Neisseriaceae,g__Neisseria,(s__flavescens/s__subflava)
-0.039754,31,Zotu476,k__Bacteria,p__Bacteroidetes,c__Bacteroidia,o__Bacteroidales,f__Prevotellaceae,g__Prevotella,
-0.010434,32,Zotu15,k__Bacteria,p__Actinobacteria,c__Actinobacteria,o__Actinomycetales,f__Actinomycetaceae,g__Actinomyces,
0.0034011,33,Zotu42,k__Bacteria,p__Firmicutes,c__Bacilli,o__Lactobacillales,f__Streptococcaceae,g__Streptococcus,(s__salivarius/s__vestibularis)
0.063466,34,Zotu73,k__Bacteria,p__Firmicutes,c__Negativicutes,o__Selenomonadales,f__Veillonellaceae,g__Veillonella,
-0.023505,35,Zotu452,k__Bacteria,p__Firmicutes,c__Bacilli,,,,
-0.050756,36,Zotu35,k__Bacteria,p__Firmicutes,c__Bacilli,o__Lactobacillales,f__Streptococcaceae,g__Streptococcus,
0.018444,37,Zotu52,k__Bacteria,p__Proteobacteria,c__Epsilonproteobacteria,o__Campylobacterales,f__Campylobacteraceae,g__Campylobacter,
0.073948,38,Zotu72,k__Bacteria,p__Bacteroidetes,c__Bacteroidia,o__Bacteroidales,f__Prevotellaceae,g__Prevotella,
-0.042933,39,Zotu50,k__Bacteria,p__Firmicutes,c__Bacilli,o__Lactobacillales,f__Streptococcaceae,g__Streptococcus,
-0.093612,40,Zotu31,k__Bacteria,p__Bacteroidetes,c__Bacteroidia,o__Bacteroidales,f__Prevotellaceae,g__Alloprevotella,s__sp._oral_taxon_308
-0.10273,41,Zotu276,k__Bacteria,p__Actinobacteria,c__Actinobacteria,o__Actinomycetales,f__Actinomycetaceae,g__Actinomyces,
0.052344,42,Zotu283,k__Bacteria,p__Bacteroidetes,c__Bacteroidia,o__Bacteroidales,f__Prevotellaceae,g__Prevotella,
0.058056,43,Zotu24,k__Bacteria,p__Firmicutes,c__Negativicutes,o__Selenomonadales,f__Veillonellaceae,g__Megasphaera,s__micronuciformis
0.010786,44,Zotu533,k__Bacteria,p__Firmicutes,c__Negativicutes,o__Selenomonadales,f__Veillonellaceae,g__Veillonella,
0.085336,45,Zotu77,k__Bacteria,p__Bacteroidetes,c__Bacteroidia,o__Bacteroidales,f__Prevotellaceae,g__Prevotella,s__salivae
-0.12013,46,Zotu335,k__Bacteria,p__Firmicutes,c__Negativicutes,o__Selenomonadales,f__Veillonellaceae,g__Veillonella,
0.049864,47,Zotu167,k__Bacteria,p__Firmicutes,c__Bacilli,o__Lactobacillales,f__Streptococcaceae,g__Streptococcus,(s__salivarius/s__vestibularis)
-0.070953,48,Zotu44,k__Bacteria,p__Firmicutes,c__Clostridia,o__Clostridiales,f__Lachnospiraceae_[XIV],g__Oribacterium,
-0.01571,49,Zotu68,k__Bacteria,p__Actinobacteria,c__Actinobacteria,o__Actinomycetales,f__Micrococcaceae,g__Rothia,s__mucilaginosa
0.00039251,50,Zotu62,k__Bacteria,p__Firmicutes,c__Bacilli,o__Lactobacillales,f__Streptococcaceae,g__Streptococcus,
0.018251,51,Zotu53,k__Bacteria,p__Firmicutes,c__Negativicutes,o__Selenomonadales,f__Veillonellaceae,g__Veillonella,
-0.076925,52,Zotu236,k__Bacteria,p__Firmicutes,c__Bacilli,o__Lactobacillales,,,
0.08573,53,Zotu12,k__Bacteria,p__Firmicutes,c__Negativicutes,o__Selenomonadales,f__Veillonellaceae,g__Veillonella,
0.053752,54,Zotu23,k__Bacteria,p__Actinobacteria,c__Actinobacteria,o__Actinomycetales,f__Actinomycetaceae,g__Actinomyces,s__graevenitzii
0.025724,55,Zotu238,k__Bacteria,p__Firmicutes,c__Negativicutes,o__Selenomonadales,f__Veillonellaceae,g__Veillonella,
0.13016,56,Zotu338,k__Bacteria,p__Bacteroidetes,c__Bacteroidia,o__Bacteroidales,f__Prevotellaceae,g__Prevotella,
0.025405,58,Zotu291,k__Bacteria,p__Firmicutes,c__Negativicutes,o__Selenomonadales,f__Veillonellaceae,g__Veillonella,
-0.043607,59,Zotu364,k__Bacteria,p__Bacteroidetes,c__Bacteroidia,o__Bacteroidales,f__Prevotellaceae,g__Prevotella,s__melaninogenica
-0.089226,60,Zotu21,k__Bacteria,p__Bacteroidetes,c__Bacteroidia,o__Bacteroidales,f__Porphyromonadaceae,g__Porphyromonas,(s__pasteri/s__sp._oral_taxon_278)
0.0082808,62,Zotu74,k__Bacteria,p__Firmicutes,c__Bacilli,o__Lactobacillales,f__Streptococcaceae,g__Streptococcus,
0.057289,63,Zotu289,k__Bacteria,p__Actinobacteria,c__Actinobacteria,o__Actinomycetales,f__Actinomycetaceae,g__Actinomyces,(s__odontolyticus/s__sp._oral_taxon_180)
-0.0030275,64,Zotu245,k__Bacteria,p__Firmicutes,c__Bacilli,o__Lactobacillales,,,
-0.020152,65,Zotu514,k__Bacteria,p__Firmicutes,c__Bacilli,o__Lactobacillales,f__Streptococcaceae,g__Streptococcus,(s__dentisani/s__infantis/s__mitis/s__oralis/s__sp._oral_taxon_058/s__sp._oral_taxon_061/s__sp._oral_taxon_064/s__sp._oral_taxon_070/s__sp._oral_taxon_423/s__sp._oral_taxon_431/s__tigurinus)
-0.064106,66,Zotu318,k__Bacteria,p__Firmicutes,c__Bacilli,o__Lactobacillales,f__Streptococcaceae,g__Streptococcus,(s__dentisani/s__infantis/s__mitis/s__oralis/s__sp._oral_taxon_058/s__sp._oral_taxon_061/s__sp._oral_taxon_064/s__sp._oral_taxon_070/s__sp._oral_taxon_423/s__sp._oral_taxon_431/s__tigurinus)
-0.014847,67,Zotu250,k__Bacteria,p__Firmicutes,c__Bacilli,o__Lactobacillales,f__Streptococcaceae,g__Streptococcus,(s__salivarius/s__vestibularis)
0.032716,68,Zotu71,k__Bacteria,p__Firmicutes,c__Negativicutes,o__Selenomonadales,f__Veillonellaceae,g__Selenomonas,(s__sp._oral_taxon_136/s__sp._oral_taxon_149/s__sp._oral_taxon_478)
0.0023664,69,Zotu51,k__Bacteria,p__Firmicutes,c__Clostridia,o__Clostridiales,f__Lachnospiraceae_[XIV],g__Lachnoanaerobaculum,s__umeaense
0.02154,70,Zotu429,k__Bacteria,p__Firmicutes,c__Bacilli,o__Lactobacillales,f__Streptococcaceae,g__Streptococcus,
0.074527,71,Zotu100,k__Bacteria,p__Bacteroidetes,c__Bacteroidia,o__Bacteroidales,f__Prevotellaceae,g__Prevotella,
-0.061118,72,Zotu379,k__Bacteria,p__Firmicutes,c__Bacilli,o__Lactobacillales,f__Streptococcaceae,g__Streptococcus,(s__salivarius/s__vestibularis)
0.11747,73,Zotu76,k__Bacteria,p__Firmicutes,c__Negativicutes,o__Selenomonadales,f__Veillonellaceae,g__Megasphaera,s__micronuciformis
-0.022937,74,Zotu221,k__Bacteria,p__Firmicutes,c__Negativicutes,o__Selenomonadales,f__Veillonellaceae,g__Veillonella,
-0.046722,75,Zotu75,k__Bacteria,p__Actinobacteria,c__Actinobacteria,o__Corynebacteriales,f__Corynebacteriaceae,g__Corynebacterium,s__matruchotii
0.060653,76,Zotu80,k__Bacteria,p__Bacteroidetes,c__Bacteroidia,o__Bacteroidales,f__Prevotellaceae,g__Prevotella,
-0.032765,77,Zotu86,k__Bacteria,p__Firmicutes,c__Clostridia,o__Clostridiales,f__Lachnospiraceae_[XIV],g__Oribacterium,s__asaccharolyticum
-0.054832,78,Zotu398,k__Bacteria,p__Firmicutes,c__Bacilli,o__Lactobacillales,f__Streptococcaceae,g__Streptococcus,(s__dentisani/s__infantis/s__mitis/s__oralis/s__sp._oral_taxon_058/s__sp._oral_taxon_061/s__sp._oral_taxon_064/s__sp._oral_taxon_070/s__sp._oral_taxon_423/s__sp._oral_taxon_431/s__tigurinus)
0.012318,80,Zotu64,k__Bacteria,p__Actinobacteria,c__Actinobacteria,o__Actinomycetales,f__Micrococcaceae,g__Rothia,s__mucilaginosa
0.11561,81,Zotu27,k__Bacteria,p__Bacteroidetes,c__Bacteroidia,o__Bacteroidales,f__Prevotellaceae,g__Prevotella,s__salivae
-0.12669,83,Zotu381,k__Bacteria,p__Proteobacteria,c__Gammaproteobacteria,o__Pasteurellales,f__Pasteurellaceae,g__Haemophilus,s__parainfluenzae
0.077283,84,Zotu390,k__Bacteria,p__Actinobacteria,c__Actinobacteria,o__Actinomycetales,f__Actinomycetaceae,g__Actinomyces,
0.14931,85,Zotu107,k__Bacteria,p__Bacteroidetes,c__Bacteroidia,o__Bacteroidales,f__Prevotellaceae,g__Prevotella,s__salivae
-0.018567,86,Zotu397,k__Bacteria,p__Bacteroidetes,c__Bacteroidia,o__Bacteroidales,f__Prevotellaceae,g__Prevotella,
0.02144,87,Zotu326,k__Bacteria,p__Firmicutes,c__Bacilli,o__Lactobacillales,f__Streptococcaceae,g__Streptococcus,(s__australis/s__parasanguinis_I/s__parasanguinis_II/s__sp._oral_taxon_057/s__sp._oral_taxon_066)
-0.037807,89,Zotu487,k__Bacteria,p__Actinobacteria,c__Actinobacteria,o__Actinomycetales,f__Actinomycetaceae,g__Actinomyces,(s__odontolyticus/s__sp._oral_taxon_180)
0.027351,90,Zotu98,k__Bacteria,p__Firmicutes,c__Bacilli,o__Lactobacillales,f__Streptococcaceae,g__Streptococcus,
-0.088706,91,Zotu376,k__Bacteria,p__Firmicutes,c__Negativicutes,o__Selenomonadales,f__Veillonellaceae,g__Veillonella,
0.011172,92,Zotu38,k__Bacteria,p__Firmicutes,c__Negativicutes,o__Selenomonadales,f__Veillonellaceae,g__Veillonella,
0.10892,93,Zotu93,k__Bacteria,p__Bacteroidetes,c__Bacteroidia,o__Bacteroidales,f__Prevotellaceae,g__Prevotella,s__salivae
-0.0025067,94,Zotu154,k__Bacteria,p__Firmicutes,c__Clostridia,o__Clostridiales,f__Lachnospiraceae_[XIV],g__Lachnoanaerobaculum,
0.0018604,95,Zotu118,k__Bacteria,p__Firmicutes,c__Clostridia,o__Clostridiales,f__Lachnospiraceae_[XIV],g__Catonella,s__morbi
0.050757,96,Zotu57,k__Bacteria,p__Firmicutes,c__Negativicutes,o__Selenomonadales,f__Veillonellaceae,g__Veillonella,
-0.04436,97,Zotu36,k__Bacteria,p__Bacteroidetes,c__Bacteroidia,o__Bacteroidales,f__Prevotellaceae,g__Prevotella,s__nanceiensis
-0.056236,98,Zotu448,k__Bacteria,p__Firmicutes,c__Bacilli,o__Bacillales,f__Gemellaceae,g__Gemella,(s__haemolysans/s__morbillorum/s__sanguinis)
0.11791,99,Zotu111,k__Bacteria,p__Actinobacteria,c__Coriobacteriia,o__Coriobacteriales,f__Coriobacteriaceae,g__Atopobium,
0.049289,101,Zotu91,k__Bacteria,p__Firmicutes,c__Negativicutes,o__Selenomonadales,f__Veillonellaceae,,
0.033295,102,Zotu435,k__Bacteria,p__Firmicutes,c__Negativicutes,o__Selenomonadales,f__Veillonellaceae,g__Veillonella,
0.083848,103,Zotu375,k__Bacteria,p__Actinobacteria,c__Actinobacteria,o__Actinomycetales,,,
-0.13152,104,Zotu146,k__Bacteria,p__Bacteroidetes,c__Bacteroidia,o__Bacteroidales,f__Prevotellaceae,g__Prevotella,s__nigrescens
0.1288,105,Zotu32,k__Bacteria,p__Actinobacteria,c__Coriobacteriia,o__Coriobacteriales,f__Coriobacteriaceae,g__Atopobium,
-0.061693,106,Zotu14,k__Bacteria,p__Actinobacteria,c__Actinobacteria,o__Actinomycetales,f__Micrococcaceae,g__Rothia,s__mucilaginosa
-0.12272,107,Zotu11,k__Bacteria,p__Fusobacteria,c__Fusobacteriia,o__Fusobacteriales,f__Fusobacteriaceae,g__Fusobacterium,s__periodonticum
0.077495,108,Zotu54,k__Bacteria,p__Firmicutes,c__Erysipelotrichia,o__Erysipelotrichales,f__Erysipelotrichaceae,g__Solobacterium,s__moorei
0.02144,109,Zotu85,k__Bacteria,p__Actinobacteria,c__Actinobacteria,o__Actinomycetales,f__Actinomycetaceae,g__Actinomyces,
-0.094386,110,Zotu81,k__Bacteria,p__Bacteroidetes,c__Flavobacteriia,o__Flavobacteriales,f__Flavobacteriaceae,g__Bergeyella,s__sp._oral_taxon_322
0.04922,111,Zotu278,k__Bacteria,p__Firmicutes,c__Bacilli,o__Lactobacillales,f__Streptococcaceae,g__Streptococcus,(s__salivarius/s__vestibularis)
-0.0076928,112,Zotu380,k__Bacteria,p__Firmicutes,c__Bacilli,o__Lactobacillales,f__Streptococcaceae,g__Streptococcus,(s__salivarius/s__vestibularis)
-0.078427,114,Zotu418,k__Bacteria,p__Firmicutes,c__Negativicutes,o__Selenomonadales,f__Veillonellaceae,g__Veillonella,
-0.051218,115,Zotu7,k__Bacteria,p__Firmicutes,c__Negativicutes,o__Selenomonadales,f__Veillonellaceae,g__Veillonella,s__parvula
0.059875,116,Zotu531,k__Bacteria,p__Bacteroidetes,c__Bacteroidia,o__Bacteroidales,f__Prevotellaceae,g__Prevotella,s__melaninogenica
0.061252,117,Zotu88,k__Bacteria,p__Firmicutes,c__Clostridia,o__Clostridiales,f__Peptostreptococcaceae_[XI],g__Mogibacterium,(s__diversum/s__neglectum/s__pumilum/s__vescum)
0.03824,118,Zotu393,k__Bacteria,p__Firmicutes,c__Negativicutes,o__Selenomonadales,f__Veillonellaceae,g__Veillonella,
-0.095741,119,Zotu69,k__Bacteria,p__Firmicutes,c__Bacilli,o__Lactobacillales,f__Streptococcaceae,g__Streptococcus,s__sanguinis
0.0085411,120,Zotu248,k__Bacteria,p__Firmicutes,c__Negativicutes,o__Selenomonadales,f__Veillonellaceae,g__Veillonella,
0.021518,121,Zotu214,k__Bacteria,p__Actinobacteria,c__Actinobacteria,o__Actinomycetales,f__Actinomycetaceae,g__Actinomyces,
-0.0082819,123,Zotu139,k__Bacteria,p__Bacteroidetes,c__Flavobacteriia,o__Flavobacteriales,f__Flavobacteriaceae,g__Capnocytophaga,s__sputigena
-0.022205,124,Zotu279,k__Bacteria,p__Bacteroidetes,c__Bacteroidia,o__Bacteroidales,f__Prevotellaceae,g__Prevotella,
0.10411,126,Zotu486,k__Bacteria,p__Actinobacteria,c__Actinobacteria,o__Actinomycetales,f__Actinomycetaceae,g__Actinomyces,s__lingnae_[NVP]
-0.056991,127,Zotu55,k__Bacteria,p__Bacteroidetes,c__Bacteroidia,o__Bacteroidales,f__Prevotellaceae,g__Prevotella,
0.060154,129,Zotu430,k__Bacteria,p__Firmicutes,c__Bacilli,o__Lactobacillales,f__Streptococcaceae,g__Streptococcus,(s__salivarius/s__vestibularis)
0.09024,130,Zotu277,k__Bacteria,p__Actinobacteria,c__Actinobacteria,o__Actinomycetales,f__Actinomycetaceae,g__Actinomyces,
-0.033457,131,Zotu416,k__Bacteria,p__Actinobacteria,c__Actinobacteria,o__Actinomycetales,f__Actinomycetaceae,g__Actinomyces,
-0.061231,132,Zotu298,k__Bacteria,p__Firmicutes,c__Bacilli,o__Lactobacillales,f__Streptococcaceae,g__Streptococcus,(s__salivarius/s__vestibularis)
-0.10459,133,Zotu145,k__Bacteria,p__Actinobacteria,c__Actinobacteria,o__Corynebacteriales,f__Corynebacteriaceae,g__Corynebacterium,s__durum
-0.054028,134,Zotu155,k__Bacteria,p__Firmicutes,c__Negativicutes,o__Selenomonadales,f__Veillonellaceae,g__Veillonella,
0.11689,136,Zotu114,k__Bacteria,p__Firmicutes,c__Negativicutes,o__Selenomonadales,f__Veillonellaceae,g__Veillonella,
-0.017324,137,Zotu67,k__Bacteria,p__Actinobacteria,c__Actinobacteria,o__Actinomycetales,f__Micrococcaceae,g__Rothia,s__dentocariosa
0.073861,138,Zotu225,k__Bacteria,p__Firmicutes,c__Bacilli,o__Lactobacillales,f__Streptococcaceae,g__Streptococcus,(s__salivarius/s__vestibularis)
0.071662,139,Zotu82,k__Bacteria,p__Firmicutes,c__Clostridia,o__Clostridiales,f__Lachnospiraceae_[XIV],g__Stomatobaculum,
0.014568,140,Zotu49,k__Bacteria,p__Firmicutes,c__Clostridia,o__Clostridiales,f__Lachnospiraceae_[XIV],g__Lachnoanaerobaculum,
-0.04333,141,Zotu192,k__Bacteria,p__Firmicutes,c__Negativicutes,o__Selenomonadales,f__Veillonellaceae,g__Veillonella,
-0.00015065,142,Zotu264,k__Bacteria,p__Actinobacteria,c__Actinobacteria,o__Actinomycetales,f__Actinomycetaceae,g__Actinomyces,s__graevenitzii
-0.033974,144,Zotu308,k__Bacteria,p__Firmicutes,c__Negativicutes,o__Selenomonadales,f__Veillonellaceae,g__Veillonella,
0.13977,146,Zotu373,k__Bacteria,p__Bacteroidetes,c__Bacteroidia,o__Bacteroidales,f__Prevotellaceae,g__Prevotella,
-0.024528,147,Zotu117,k__Bacteria,p__Bacteroidetes,c__Bacteroidia,o__Bacteroidales,f__Prevotellaceae,g__Prevotella,s__melaninogenica
-0.085972,148,Zotu104,k__Bacteria,p__Actinobacteria,c__Actinobacteria,o__Actinomycetales,f__Micrococcaceae,g__Rothia,s__aeria
-0.012618,149,Zotu432,k__Bacteria,p__Firmicutes,c__Negativicutes,o__Selenomonadales,f__Veillonellaceae,g__Veillonella,
-0.051307,150,Zotu70,k__Bacteria,p__Bacteroidetes,c__Bacteroidia,o__Bacteroidales,f__Prevotellaceae,g__Prevotella,s__veroralis
-0.1135,152,Zotu128,k__Bacteria,p__Fusobacteria,c__Fusobacteriia,o__Fusobacteriales,f__Fusobacteriaceae,g__Fusobacterium,s__nucleatum_subsp._animalis
0.093278,153,Zotu509,k__Bacteria,p__Firmicutes,c__Negativicutes,o__Selenomonadales,f__Veillonellaceae,g__Veillonella,
0.040461,154,Zotu99,k__Bacteria,p__Firmicutes,c__Negativicutes,o__Selenomonadales,f__Veillonellaceae,g__Megasphaera,s__micronuciformis
0.02242,155,Zotu422,k__Bacteria,p__Firmicutes,c__Bacilli,o__Lactobacillales,f__Streptococcaceae,g__Streptococcus,(s__salivarius/s__vestibularis)
-0.011385,156,Zotu116,k__Bacteria,p__Bacteroidetes,c__Flavobacteriia,o__Flavobacteriales,f__Flavobacteriaceae,g__Capnocytophaga,s__leadbetteri
-0.058541,158,Zotu140,k__Bacteria,p__Fusobacteria,c__Fusobacteriia,o__Fusobacteriales,f__Leptotrichiaceae,g__Leptotrichia,s__hongkongensis
-0.074218,159,Zotu471,k__Bacteria,p__Bacteroidetes,c__Bacteroidia,o__Bacteroidales,f__Prevotellaceae,g__Alloprevotella,s__sp._oral_taxon_308
0.022535,160,Zotu60,k__Bacteria,p__Actinobacteria,c__Actinobacteria,o__Actinomycetales,f__Actinomycetaceae,g__Actinomyces,s__lingnae_[NVP]
0.049451,161,Zotu179,k__Bacteria,p__Firmicutes,c__Bacilli,o__Lactobacillales,f__Streptococcaceae,g__Streptococcus,(s__salivarius/s__vestibularis)
-0.01708,163,Zotu34,k__Bacteria,p__Bacteroidetes,c__Bacteroidia,o__Bacteroidales,f__Prevotellaceae,g__Prevotella,s__pallens
0.036796,164,Zotu132,k__Bacteria,p__Bacteroidetes,c__Bacteroidia,o__Bacteroidales,f__Prevotellaceae,g__Prevotella,
-0.031,165,Zotu525,k__Bacteria,p__Firmicutes,c__Negativicutes,o__Selenomonadales,f__Veillonellaceae,g__Veillonella,
0.010948,166,Zotu112,k__Bacteria,p__Firmicutes,c__Bacilli,o__Lactobacillales,f__Streptococcaceae,g__Streptococcus,
-0.16855,167,Zotu92,k__Bacteria,p__Proteobacteria,c__Gammaproteobacteria,o__Pasteurellales,f__Pasteurellaceae,g__Aggregatibacter,(s__segnis/s__sp._oral_taxon_458/s__sp._oral_taxon_512)
-0.091023,168,Zotu84,k__Bacteria,p__Fusobacteria,c__Fusobacteriia,o__Fusobacteriales,f__Fusobacteriaceae,g__Fusobacterium,
0.037666,169,Zotu374,k__Bacteria,p__Actinobacteria,c__Actinobacteria,o__Actinomycetales,f__Actinomycetaceae,g__Actinomyces,s__graevenitzii
0.14312,171,Zotu209,k__Bacteria,p__Firmicutes,c__Negativicutes,o__Selenomonadales,f__Veillonellaceae,g__Veillonella,
-0.019152,173,Zotu159,k__Bacteria,p__Firmicutes,c__Negativicutes,o__Selenomonadales,f__Veillonellaceae,g__Veillonella,
-0.074223,174,Zotu292,k__Bacteria,p__Bacteroidetes,c__Bacteroidia,o__Bacteroidales,f__Prevotellaceae,g__Prevotella,s__pallens
0.0055324,175,Zotu491,k__Bacteria,p__Firmicutes,c__Bacilli,o__Lactobacillales,f__Streptococcaceae,g__Streptococcus,(s__salivarius/s__vestibularis)
0.048235,179,Zotu186,k__Bacteria,p__Firmicutes,c__Negativicutes,o__Selenomonadales,f__Veillonellaceae,,
-0.070362,180,Zotu110,k__Bacteria,p__Bacteroidetes,c__Bacteroidia,o__Bacteroidales,f__Prevotellaceae,g__Prevotella,
0.10351,181,Zotu208,k__Bacteria,p__Firmicutes,c__Clostridia,o__Clostridiales,f__Peptostreptococcaceae_[XI],g__Mogibacterium,(s__diversum/s__neglectum/s__pumilum/s__vescum)
0.088999,184,Zotu87,k__Bacteria,p__Actinobacteria,c__Actinobacteria,o__Actinomycetales,f__Actinomycetaceae,g__Actinomyces,s__graevenitzii
-0.09373,186,Zotu451,k__Bacteria,p__Firmicutes,c__Bacilli,o__Lactobacillales,f__Streptococcaceae,g__Streptococcus,(s__salivarius/s__vestibularis)
-0.074304,189,Zotu106,k__Bacteria,p__Proteobacteria,c__Betaproteobacteria,o__Neisseriales,f__Neisseriaceae,,
-0.1134,190,Zotu89,k__Bacteria,p__Proteobacteria,c__Gammaproteobacteria,o__Pasteurellales,f__Pasteurellaceae,g__Haemophilus,
-0.031826,191,Zotu120,k__Bacteria,p__Proteobacteria,c__Gammaproteobacteria,o__Pasteurellales,f__Pasteurellaceae,g__Aggregatibacter,(s__aphrophilus/s__paraphrophilus)
-0.034457,194,Zotu83,k__Bacteria,p__Firmicutes,c__Bacilli,o__Lactobacillales,f__Carnobacteriaceae,g__Granulicatella,s__elegans
-0.093292,195,Zotu25,k__Bacteria,p__Bacteroidetes,c__Bacteroidia,o__Bacteroidales,f__Prevotellaceae,g__Prevotella,s__veroralis
-0.11025,221,Zotu142,k__Bacteria,p__Fusobacteria,c__Fusobacteriia,o__Fusobacteriales,f__Fusobacteriaceae,g__Fusobacterium,s__nucleatum_subsp._animalis
-0.04694,224,Zotu137,k__Bacteria,p__Actinobacteria,c__Actinobacteria,o__Actinomycetales,f__Actinomycetaceae,g__Actinomyces,
0.094708,226,Zotu185,k__Bacteria,p__Firmicutes,c__Clostridia,o__Clostridiales,f__Lachnospiraceae_[XIV],g__Stomatobaculum,
-0.083647,227,Zotu95,k__Bacteria,p__Proteobacteria,c__Gammaproteobacteria,o__Pasteurellales,f__Pasteurellaceae,g__Haemophilus,
-0.080599,229,Zotu141,k__Bacteria,p__Fusobacteria,c__Fusobacteriia,o__Fusobacteriales,f__Leptotrichiaceae,g__Leptotrichia,s__wadei
-0.032762,231,Zotu48,k__Bacteria,p__Fusobacteria,c__Fusobacteriia,o__Fusobacteriales,f__Leptotrichiaceae,g__Leptotrichia,s__sp._oral_taxon_215
-0.10271,240,Zotu150,k__Bacteria,p__Proteobacteria,c__Betaproteobacteria,o__Neisseriales,f__Neisseriaceae,g__Kingella,s__oralis
-0.038359,241,Zotu90,k__Bacteria,p__Bacteroidetes,c__Bacteroidia,o__Bacteroidales,f__Prevotellaceae,g__Prevotella,s__veroralis
0.0050788,253,Zotu187,k__Bacteria,p__Firmicutes,c__Negativicutes,o__Selenomonadales,f__Veillonellaceae,g__Veillonella,s__parvula
0.15092,259,Zotu343,k__Bacteria,p__Bacteroidetes,c__Bacteroidia,o__Bacteroidales,f__Prevotellaceae,g__Prevotella,
-0.0037244,264,Zotu121,k__Bacteria,p__Fusobacteria,c__Fusobacteriia,o__Fusobacteriales,f__Leptotrichiaceae,g__Leptotrichia,s__sp._oral_taxon_215
0.023779,266,Zotu103,k__Bacteria,p__Firmicutes,c__Clostridia,o__Clostridiales,f__Peptoniphilaceae,g__Parvimonas,
0.14195,268,Zotu520,k__Bacteria,p__Actinobacteria,c__Actinobacteria,o__Actinomycetales,f__Actinomycetaceae,g__Actinomyces,s__graevenitzii
-0.020475,271,Zotu385,k__Bacteria,p__Actinobacteria,c__Actinobacteria,o__Actinomycetales,f__Actinomycetaceae,g__Actinomyces,(s__odontolyticus/s__sp._oral_taxon_180)
0.041478,272,Zotu313,k__Bacteria,p__Actinobacteria,c__Actinobacteria,o__Actinomycetales,f__Actinomycetaceae,g__Actinomyces,s__graevenitzii
-0.10336,274,Zotu365,k__Bacteria,p__Fusobacteria,c__Fusobacteriia,o__Fusobacteriales,f__Fusobacteriaceae,g__Fusobacterium,
0.075465,282,Zotu329,k__Bacteria,p__Firmicutes,c__Negativicutes,o__Selenomonadales,f__Veillonellaceae,g__Veillonella,
0.023775,286,Zotu45,k__Bacteria,p__Bacteroidetes,c__Bacteroidia,o__Bacteroidales,f__Prevotellaceae,g__Prevotella,s__veroralis
-0.097244,290,Zotu125,k__Bacteria,p__Fusobacteria,c__Fusobacteriia,o__Fusobacteriales,f__Fusobacteriaceae,g__Fusobacterium,
-0.028921,292,Zotu219,k__Bacteria,p__Bacteroidetes,c__Bacteroidia,o__Bacteroidales,f__Prevotellaceae,g__Prevotella,
0.080971,296,Zotu470,k__Bacteria,p__Firmicutes,c__Clostridia,o__Clostridiales,f__Lachnospiraceae_[XIV],g__Oribacterium,s__asaccharolyticum
-0.058388,297,Zotu354,k__Bacteria,p__Fusobacteria,c__Fusobacteriia,o__Fusobacteriales,f__Fusobacteriaceae,g__Fusobacterium,
0.10178,300,Zotu530,k__Bacteria,p__Actinobacteria,c__Actinobacteria,o__Actinomycetales,f__Actinomycetaceae,g__Actinomyces,
-0.060229,302,Zotu504,k__Bacteria,p__Bacteroidetes,c__Bacteroidia,o__Bacteroidales,f__Prevotellaceae,g__Prevotella,s__nanceiensis
-0.0084899,304,Zotu58,k__Bacteria,p__Firmicutes,c__Clostridia,o__Clostridiales,f__Peptostreptococcaceae_[XI],g__Peptostreptococcus,s__stomatis
0.023707,307,Zotu158,k__Bacteria,p__Firmicutes,c__Clostridia,o__Clostridiales,f__Peptostreptococcaceae_[XI],g__Peptostreptococcaceae_[XI][G-1],
-0.01165,308,Zotu528,k__Bacteria,p__Bacteroidetes,c__Bacteroidia,o__Bacteroidales,f__Prevotellaceae,g__Prevotella,
-0.064217,311,Zotu362,k__Bacteria,p__Firmicutes,c__Negativicutes,o__Selenomonadales,f__Veillonellaceae,g__Veillonella,
0.068082,312,Zotu220,k__Bacteria,p__Bacteroidetes,c__Bacteroidia,o__Bacteroidales,f__Prevotellaceae,g__Prevotella,
-0.061566,316,Zotu513,k__Bacteria,p__Firmicutes,c__Negativicutes,o__Selenomonadales,f__Veillonellaceae,g__Veillonella,
-0.085051,320,Zotu22,k__Bacteria,p__Bacteroidetes,c__Bacteroidia,o__Bacteroidales,f__Prevotellaceae,g__Prevotella,s__nanceiensis
-0.0067254,321,Zotu115,k__Bacteria,p__Firmicutes,c__Clostridia,o__Clostridiales,f__Ruminococcaceae,g__Ruminococcaceae_[G-2],s__sp._oral_taxon_085
0.050023,324,Zotu207,k__Bacteria,p__Firmicutes,c__Negativicutes,o__Selenomonadales,f__Veillonellaceae,g__Selenomonas,(s__sp._oral_taxon_136/s__sp._oral_taxon_149/s__sp._oral_taxon_478)
0.045731,327,Zotu66,k__Bacteria,p__Firmicutes,c__Clostridia,o__Clostridiales,f__Peptostreptococcaceae_[XI],g__Peptostreptococcaceae_[XI][G-1],
0.018202,329,Zotu61,k__Bacteria,p__Bacteroidetes,c__Bacteroidia,o__Bacteroidales,f__Prevotellaceae,g__Alloprevotella,s__sp._oral_taxon_473
-0.10028,340,Zotu109,k__Bacteria,p__Firmicutes,c__Negativicutes,o__Selenomonadales,f__Veillonellaceae,g__Veillonella,s__sp._oral_taxon_780
-0.12882,341,Zotu105,k__Bacteria,p__Firmicutes,c__Bacilli,o__Lactobacillales,f__Aerococcaceae,g__Abiotrophia,s__defectiva
0.048196,349,Zotu30,k__Bacteria,p__Fusobacteria,c__Fusobacteriia,o__Fusobacteriales,f__Leptotrichiaceae,g__Leptotrichia,
0.11702,351,Zotu311,k__Bacteria,p__Actinobacteria,c__Actinobacteria,o__Actinomycetales,f__Actinomycetaceae,g__Actinomyces,
0.019485,354,Zotu161,k__Bacteria,p__Firmicutes,c__Clostridia,o__Clostridiales,f__Lachnospiraceae_[XIV],g__Lachnoanaerobaculum,s__umeaense
0.058212,355,Zotu323,k__Bacteria,p__Actinobacteria,c__Actinobacteria,o__Actinomycetales,f__Actinomycetaceae,g__Actinomyces,(s__odontolyticus/s__sp._oral_taxon_180)
-0.0014678,369,Zotu78,k__Bacteria,p__Firmicutes,c__Clostridia,o__Clostridiales,f__Lachnospiraceae_[XIV],g__Oribacterium,s__parvum
-0.025476,373,Zotu37,k__Bacteria,p__Proteobacteria,c__Gammaproteobacteria,o__Pasteurellales,f__Pasteurellaceae,,
-0.035015,374,Zotu41,k__Bacteria,p__Fusobacteria,c__Fusobacteriia,o__Fusobacteriales,f__Leptotrichiaceae,g__Leptotrichia,s__sp._oral_taxon_215
-0.016134,390,Zotu43,k__Bacteria,p__Bacteroidetes,c__Bacteroidia,o__Bacteroidales,f__Prevotellaceae,g__Alloprevotella,
-0.013337,400,Zotu63,k__Bacteria,p__Firmicutes,c__Clostridia,o__Clostridiales,f__Lachnospiraceae_[XIV],g__Stomatobaculum,s__sp._oral_taxon_097
-0.054047,405,Zotu96,k__Bacteria,p__Proteobacteria,c__Gammaproteobacteria,o__Pasteurellales,f__Pasteurellaceae,,
0.016629,407,Zotu101,k__Bacteria,p__Bacteroidetes,c__Bacteroidia,o__Bacteroidales,f__Prevotellaceae,g__Prevotella,s__sp._oral_taxon_396
-0.056745,415,Zotu39,k__Bacteria,p__Fusobacteria,c__Fusobacteriia,o__Fusobacteriales,f__Leptotrichiaceae,g__Leptotrichia,s__sp._oral_taxon_221
-0.018677,420,Zotu47,k__Bacteria,p__Fusobacteria,c__Fusobacteriia,o__Fusobacteriales,f__Leptotrichiaceae,g__Leptotrichia,s__sp._oral_taxon_221
